category,name,price,unit_price
Frukt og grønt,Røde Appelsiner,"kr 46,80","kr 46,80 /kg"
Frukt og grønt,Rød/Gule Plommer,"kr 52,00","kr 104,00 /kg"
Frukt og grønt,Økologiske Klementiner,"kr 34,90","kr 69,80 /kg"
Frukt og grønt,Persimon/Kaki,"kr 29,70","kr 37,13 /kg"
Frukt og grønt,Honningmelon Skivet,"kr 32,90","kr 164,50 /kg"
Frukt og grønt,Cantaloupemelon i Skiver,"kr 34,20","kr 171,00 /kg"
Frukt og grønt,Blåbær i kurv,"kr 24,90","kr 199,20 /kg"
Frukt og grønt,Bringebær,"kr 44,90","kr 359,20 /kg"
Frukt og grønt,Blåbær,"kr 42,90","kr 190,67 /kg"
Frukt og grønt,Bjørnebær,"kr 54,90","kr 439,20 /kg"
Frukt og grønt,Rips,"kr 69,80","kr 558,40 /kg"
Frukt og grønt,Jordbær,"kr 99,00","kr 247,50 /kg"
Frukt og grønt,Crispisalat,"kr 34,50","kr 34,50 /stk"
Frukt og grønt,Spinat Uvasket,"kr 39,30","kr 157,20 /kg"
Frukt og grønt,Ruccula,"kr 23,00","kr 328,57 /kg"
Frukt og grønt,Stor Spiseklar Crispisalat,"kr 42,90","kr 238,33 /kg"
Frukt og grønt,Stor Isbergsalat,"kr 24,90","kr 24,90 /stk"
Frukt og grønt,Babyleaf Salatblanding,"kr 30,90","kr 309,00 /kg"
Frukt og grønt,Crispy Minigulrøtter,"kr 19,90","kr 113,71 /kg"
Frukt og grønt,Liten Kålrot,"kr 12,50","kr 25,00 /kg"
Frukt og grønt,Stor Agurk,"kr 33,90","kr 33,90 /stk"
Frukt og grønt,Avokado modnet,"kr 30,00","kr 93,75 /kg"
Frukt og grønt,Knoll Langpanne Poteter,"kr 20,93",N/A
Frukt og grønt,Rødløk Strømpe,"kr 18,50","kr 49,33 /kg"
Frukt og grønt,Økologisk Avokado,"kr 49,90","kr 191,92 /kg"
Frukt og grønt,Økologiske Cherrytomater,"kr 47,90","kr 191,60 /kg"
Frukt og grønt,Økologiske Klasetomater,"kr 49,90","kr 99,80 /kg"
Frukt og grønt,Økologisk Brokkoli,"kr 24,90","kr 24,90 /stk"
Frukt og grønt,Økologiske Gulrøtter,"kr 41,30","kr 55,07 /kg"
Frukt og grønt,Økologisk Blomkål,"kr 51,40","kr 51,40 /stk"
Frukt og grønt,Fersk Basilikum,"kr 24,90","kr 1 245,00 /kg"
Frukt og grønt,Fersk Koriander,"kr 24,40","kr 1 220,00 /kg"
Frukt og grønt,Fersk Kruspersille,"kr 18,90","kr 945,00 /kg"
Frukt og grønt,Fersk Gressløk,"kr 21,40","kr 1 070,00 /kg"
Frukt og grønt,Fersk Bladpersille,"kr 18,90","kr 945,00 /kg"
Frukt og grønt,Fersk Kjørvel,"kr 22,90","kr 1 145,00 /kg"
Frukt og grønt,Sesamfrø,"kr 31,90","kr 106,33 /kg"
Frukt og grønt,Gresskarkjerner,"kr 36,00","kr 120,00 /kg"
Frukt og grønt,Solsikkekjerner,"kr 24,00","kr 80,00 /kg"
Frukt og grønt,Chiafrø,"kr 42,50","kr 121,43 /kg"
Frukt og grønt,Linfrø,"kr 22,30","kr 63,71 /kg"
Frukt og grønt,Fiken,"kr 53,90","kr 359,33 /kg"
Frukt og grønt,Premium Ananas i biter Taco/pizzacut,"kr 28,90","kr 42,44 /kg"
Frukt og grønt,Finhakkede Tomater,"kr 64,10","kr 53,42 /kg"
Frukt og grønt,Grovhakkede Tomater,"kr 33,70","kr 84,25 /kg"
Frukt og grønt,Finhakkede Tomater,"kr 22,50","kr 56,25 /kg"
Frukt og grønt,Hele Tomater,"kr 25,80","kr 64,50 /kg"
Frukt og grønt,Cherry Tomater,"kr 41,00","kr 102,50 /kg"
Frukt og grønt,Mangoterninger,"kr 28,40","kr 94,67 /kg"
Frukt og grønt,Søtpotet Fries,"kr 39,40","kr 78,80 /kg"
Frukt og grønt,Wok Classic Big Pack,"kr 89,50","kr 105,29 /kg"
Frukt og grønt,Pommes Express,"kr 29,80","kr 66,22 /kg"
Frukt og grønt,Bringebær,"kr 51,00","kr 127,50 /kg"
Frukt og grønt,Opphøgde Potteter,"kr 38,30","kr 80,63 /kg"
Bakeri og konditori,Croissant,"kr 51,92",N/A
Bakeri og konditori,Fersk Focaccia,"kr 49,90","kr 90,73 /kg"
Bakeri og konditori,Fransk Bondebrød,"kr 50,50","kr 72,14 /kg"
Bakeri og konditori,Kanelsnurrer,"kr 79,90","kr 137,76 /kg"
Bakeri og konditori,7-kornbrød,"kr 49,90","kr 74,48 /kg"
Bakeri og konditori,Solsikkebrød,"kr 42,90","kr 69,19 /kg"
Bakeri og konditori,Horn med Ost & Skinke,"kr 49,00","kr 257,89 /kg"
Bakeri og konditori,Baguette med Reker & egg,"kr 75,00","kr 232,92 /kg"
Bakeri og konditori,Baguette med Ost & skinke,"kr 71,70","kr 309,05 /kg"
Bakeri og konditori,Grov Baguette med Ost & Skinke,"kr 69,00","kr 297,41 /kg"
Bakeri og konditori,Grov Baguette med Kylling & Currymajones,"kr 71,00","kr 229,03 /kg"
Bakeri og konditori,Grov Baguette med Roastbiff,"kr 71,00","kr 308,70 /kg"
Bakeri og konditori,Ostekake med Bringebærfyll,"kr 649,00","kr 649,00 /stk"
Bakeri og konditori,Salt Karamellkake,"kr 649,00","kr 649,00 /stk"
Bakeri og konditori,Oreokake,"kr 649,00","kr 649,00 /stk"
Bakeri og konditori,Nutellakake,"kr 649,00","kr 649,00 /stk"
Bakeri og konditori,Doughnuts Pastellmiks,"kr 169,00","kr 352,08 /kg"
Bakeri og konditori,Doughnuts Sjokolademiks,"kr 169,00","kr 375,56 /kg"
Bakeri og konditori,Døgnvill Burgerbrød,"kr 39,90","kr 110,83 /kg"
Bakeri og konditori,Døgnvill Glutenfritt Hamburgerbrød,"kr 52,90","kr 52,90 /stk"
Bakeri og konditori,Grove Hamburgerbrød,"kr 28,80","kr 68,57 /kg"
Bakeri og konditori,Chicago Hamburgerbrød,"kr 31,80","kr 66,25 /kg"
Bakeri og konditori,Brioche Hamburgerbrød,"kr 29,90","kr 83,06 /kg"
Bakeri og konditori,Økologiske Store Hamburgerbrød,"kr 36,90","kr 147,60 /kg"
Bakeri og konditori,Ida Gran-Jansen Matpakkebrød,"kr 49,90","kr 62,38 /kg"
Bakeri og konditori,Halvstekt Ekstra Grovbrød,"kr 39,90","kr 57,00 /kg"
Bakeri og konditori,Halvstekt Barnas Brød,"kr 34,90","kr 57,21 /kg"
Bakeri og konditori,Pitabrød,"kr 34,30","kr 71,46 /kg"
Bakeri og konditori,Croissant,"kr 51,30","kr 142,50 /kg"
Bakeri og konditori,Grove Fullkornsstykker,"kr 66,70","kr 128,27 /kg"
Bakeri og konditori,Pitabrød,"kr 34,30","kr 71,46 /kg"
Bakeri og konditori,Grove Pitabrød,"kr 34,80","kr 87,00 /kg"
Bakeri og konditori,Glutenfrie Pitabrød,"kr 61,10","kr 265,65 /kg"
Bakeri og konditori,"Pitabrød hvete, ca 15 cm","kr 29,90","kr 74,75 /kg"
Bakeri og konditori,Multibrød fine,"kr 32,90","kr 102,81 /kg"
Bakeri og konditori,Økologiske Pitabrød,"kr 32,90","kr 182,78 /kg"
Bakeri og konditori,Sætres Beste Tynne Speltkjeks,"kr 44,80","kr 448,00 /kg"
Bakeri og konditori,Sætres Beste Salinas,"kr 44,10","kr 220,50 /kg"
Bakeri og konditori,Sætres Beste Surdeigskjeks,"kr 39,40","kr 394,00 /kg"
Bakeri og konditori,Sætres Beste,"kr 93,30","kr 548,82 /kg"
Bakeri og konditori,Snackers Salt,"kr 25,10","kr 209,17 /kg"
Bakeri og konditori,Kapteinkjeks,"kr 28,10","kr 140,50 /kg"
Bakeri og konditori,Knekkebrød Husman,"kr 26,40","kr 50,77 /kg"
Bakeri og konditori,Knekkebrød Havre,"kr 45,90","kr 76,50 /kg"
Bakeri og konditori,Knekkebrød Sport+,"kr 21,30","kr 101,43 /kg"
Bakeri og konditori,Knekkebrød Urter & Havsalt,"kr 49,50","kr 215,22 /kg"
Bakeri og konditori,Knekkebrød Original,"kr 49,80","kr 49,80 /pk"
Bakeri og konditori,Fiberrik Solsikke,"kr 44,00","kr 352,00 /kg"
Bakeri og konditori,Pizzabunn Familie,"kr 27,80","kr 50,55 /kg"
Bakeri og konditori,Fersk Paibunn,"kr 25,50","kr 92,73 /kg"
Bakeri og konditori,Pizzabunn Glutenfri,"kr 41,10","kr 158,08 /kg"
Bakeri og konditori,Pizzabunn Original,"kr 40,40","kr 73,45 /kg"
Bakeri og konditori,Glutenfri Pizzabunn Lettstekt,"kr 61,30","kr 175,14 /kg"
Bakeri og konditori,Pinsa Pizzabunn,"kr 67,10","kr 159,76 /kg"
Frokostblandinger og müsli,Cruesli 4 Nøtter,"kr 54,90","kr 122,00 /kg"
Frokostblandinger og müsli,Cruesli Solfrokost,"kr 43,30","kr 96,22 /kg"
Frokostblandinger og müsli,Bare Bra Grøt Kanel og Puffet Quinoa,"kr 17,60","kr 325,93 /kg"
Frokostblandinger og müsli,4 Korn,"kr 23,50","kr 34,81 /kg"
Frokostblandinger og müsli,All-Bran Regular Flakes,"kr 32,80","kr 87,47 /kg"
Frokostblandinger og müsli,Express Havregrøt,"kr 32,60","kr 65,20 /kg"
Frokostblandinger og müsli,Bjørn Lettkokte Havregryn,"kr 22,90","kr 20,82 /kg"
Frokostblandinger og müsli,Urkraft Lettkokte Havregryn,"kr 21,10","kr 17,58 /kg"
Frokostblandinger og müsli,Lettkokte Havregryn,"kr 49,70","kr 49,70 /kg"
Frokostblandinger og müsli,Urkraft Store Havregryn,"kr 32,40","kr 27,00 /kg"
Frokostblandinger og müsli,Bjørn Havregryn Store,"kr 32,80","kr 29,82 /kg"
Frokostblandinger og müsli,Havregryn Lettkokt,"kr 45,80","kr 91,60 /kg"
Frokostblandinger og müsli,Bare Bra Granola Kakao og Bringebær,"kr 44,60","kr 103,72 /kg"
Frokostblandinger og müsli,Bare Bra Granola Hasselnøtt og Kokos,"kr 43,80","kr 97,33 /kg"
Frokostblandinger og müsli,Supergranola Protein Kakao Kokos & Mandel,"kr 46,70","kr 108,60 /kg"
Frokostblandinger og müsli,Bare Bra Müsli Havre og Mandel,"kr 39,30","kr 98,25 /kg"
Frokostblandinger og müsli,Urkraft Havregranola 4-korn,"kr 46,10","kr 107,21 /kg"
Frokostblandinger og müsli,Urkraft Havregranola Jordbær og Bringebær,"kr 46,10","kr 115,25 /kg"
"Meieri, ost og egg",Tine Lettmelk,"kr 33,90","kr 19,37 /l"
"Meieri, ost og egg",Tine Helmelk,"kr 41,00","kr 23,43 /l"
"Meieri, ost og egg",Tine Fettfri Melk Skummet,"kr 18,90","kr 18,90 /l"
"Meieri, ost og egg",Tine Skummet Kulturmjølk,"kr 25,80","kr 25,80 /l"
"Meieri, ost og egg","Biola® yoghurtdrikk rødbet, eple & lime","kr 37,20","kr 37,20 /l"
"Meieri, ost og egg",Q Melk Lett,"kr 20,20","kr 20,20 /l"
"Meieri, ost og egg",Gryr Havredrikk Fyldig,"kr 38,00","kr 38,00 /l"
"Meieri, ost og egg",Gryr Havredrikk Naturell,"kr 38,40","kr 38,40 /l"
"Meieri, ost og egg",Sproud Barista,"kr 28,80","kr 28,80 /l"
"Meieri, ost og egg",Sproud Vanilla,"kr 27,90","kr 27,90 /l"
"Meieri, ost og egg",Sproud Usøtet Drikk,"kr 26,50","kr 26,50 /l"
"Meieri, ost og egg",Iskaffe latte,"kr 27,10","kr 108,40 /l"
"Meieri, ost og egg",Melange med smør- og rapsolje,"kr 41,90","kr 83,80 /kg"
"Meieri, ost og egg",Melange Uten Salt & Melk,"kr 38,60","kr 77,20 /kg"
"Meieri, ost og egg",Flytende Melange,"kr 35,80","kr 71,60 /l"
"Meieri, ost og egg",Soft Flora Lett,"kr 25,90","kr 47,96 /kg"
"Meieri, ost og egg",Ekte Meierismør,"kr 34,70","kr 138,80 /kg"
"Meieri, ost og egg",Ekte Smør,"kr 32,80","kr 131,20 /kg"
"Meieri, ost og egg",Frokostegg fra frittgående høner,"kr 49,90","kr 57,36 /kg"
"Meieri, ost og egg",Økologiske Egg,"kr 26,90","kr 70,79 /kg"
"Meieri, ost og egg",Solegg Fra frittgående høner,"kr 55,30","kr 70,54 /kg"
"Meieri, ost og egg",Egg fra Frittgående Høner M,"kr 65,00","kr 63,73 /kg"
"Meieri, ost og egg",Store egg fra frittgående høner,"kr 39,90","kr 97,79 /kg"
"Meieri, ost og egg",Prior Egg,"kr 54,80","kr 75,07 /kg"
"Meieri, ost og egg",Havrefløte iMAT,"kr 22,10","kr 88,40 /l"
"Meieri, ost og egg",Plantebasert iMAT Fraiche,"kr 31,10","kr 155,50 /l"
"Meieri, ost og egg",Gryr Matfløyel,"kr 24,80","kr 82,67 /l"
"Meieri, ost og egg",Dipp Paprika & Løk,"kr 29,10","kr 97,00 /kg"
"Meieri, ost og egg",Gryr Matfrisk,"kr 30,40","kr 160,00 /kg"
"Meieri, ost og egg",Lettrømme,"kr 19,90","kr 66,33 /kg"
"Meieri, ost og egg",Yoghurt Mango & Pasjon,"kr 35,80","kr 42,12 /kg"
"Meieri, ost og egg",Yoghurt Jordbær,"kr 23,90","kr 39,83 /kg"
"Meieri, ost og egg",Yoghurt Vanilje,"kr 30,70","kr 36,12 /kg"
"Meieri, ost og egg",Yoghurt Melon,"kr 25,80","kr 43,00 /kg"
"Meieri, ost og egg",Havrelunsj med Eple & Kanel,"kr 17,30","kr 115,33 /kg"
"Meieri, ost og egg",Junior Yoghurt,"kr 11,90","kr 132,22 /kg"
"Meieri, ost og egg",Norvegia Original,"kr 139,00","kr 139,00 /kg"
"Meieri, ost og egg",Gudbrandsdalsost G35,"kr 52,40","kr 104,80 /kg"
"Meieri, ost og egg",Delivida Revet pizzaost,"kr 31,00","kr 155,00 /kg"
"Meieri, ost og egg",Skinkeost,"kr 35,90","kr 199,44 /kg"
"Meieri, ost og egg",Gudbrandsdalsost,"kr 102,90","kr 102,90 /kg"
"Meieri, ost og egg",Delivida Revet texmex,"kr 32,90","kr 164,50 /kg"
"Meieri, ost og egg",Selbu Blå,"kr 40,80","kr 272,00 /kg"
"Meieri, ost og egg",Synnøve Cheddar Skivet,"kr 25,60","kr 256,00 /kg"
"Meieri, ost og egg",Ridderost,"kr 52,10","kr 182,81 /kg"
"Meieri, ost og egg",Norsk cheddar skivet,"kr 29,80","kr 298,00 /kg"
"Meieri, ost og egg",Selbu Blå Ekstra modnet,"kr 59,80","kr 398,67 /kg"
"Meieri, ost og egg",Le Crémier de Chaumes,"kr 164,90","kr 659,60 /kg"
Plantebasert,Gryr Havredrikk Naturell,"kr 38,40","kr 38,40 /l"
Plantebasert,Berit Smøremyk,"kr 45,80","kr 114,50 /kg"
Plantebasert,Gryr Havredrikk Fyldig,"kr 38,00","kr 38,00 /l"
Plantebasert,Melange Uten Salt & Melk,"kr 38,60","kr 77,20 /kg"
Plantebasert,Gryr Matfløyel,"kr 24,80","kr 82,67 /l"
Plantebasert,Mylk Havre & Mandel,"kr 34,10","kr 34,10 /l"
Plantebasert,Plantebasert Ost Original,"kr 67,90","kr 169,75 /kg"
Plantebasert,Vegetarpålegg Naturell og Mild,"kr 36,90","kr 461,25 /kg"
Plantebasert,Vegetarpålegg Jalapeno,"kr 36,90","kr 461,25 /kg"
Plantebasert,Sjokoladepålegg med Hasselnøtt,"kr 59,70","kr 298,50 /kg"
Plantebasert,Original skivet,"kr 37,60","kr 188,00 /kg"
Plantebasert,Sjokao,"kr 35,90","kr 217,58 /kg"
Plantebasert,Vegetarburger,"kr 36,10","kr 150,42 /kg"
Plantebasert,Tomatsuppe økologisk,"kr 79,90","kr 140,18 /l"
Plantebasert,Crunchy Nuggets vegansk,"kr 54,40","kr 181,33 /kg"
Plantebasert,Chili sin carne,"kr 52,40","kr 141,62 /kg"
Plantebasert,Veggie Balls Boller vegansk,"kr 51,10","kr 170,33 /kg"
Plantebasert,Bolognese,"kr 52,40","kr 141,62 /kg"
Plantebasert,Klar Grønnsakbuljong,"kr 18,80","kr 4,70 /l"
Plantebasert,Vegan Majones,"kr 39,00","kr 130,00 /l"
Plantebasert,Maggi Suppebuljong Glass,"kr 35,40","kr 280,95 /kg"
Plantebasert,Maggi Klar Grønnsakskraft,"kr 55,60","kr 111,20 /l"
Plantebasert,Hummus,"kr 43,80","kr 159,27 /kg"
Plantebasert,Plantebasert majones squeezy,"kr 44,90","kr 179,60 /kg"
Plantebasert,Fruitero 80% Mango Mini,"kr 61,30","kr 10,22 /stk"
Plantebasert,Plantebasert Vaniljesaus,"kr 20,20","kr 80,80 /l"
Plantebasert,Karamellpudding,"kr 34,30","kr 149,13 /kg"
Plantebasert,Gelato Sandwich,"kr 98,90","kr 12,36 /stk"
Plantebasert,Sjokoladepudding,"kr 38,00","kr 165,22 /kg"
Plantebasert,Mango & Berry Cheescake,"kr 168,90","kr 938,33 /kg"
Kylling og kjøtt,Økologiske Kyllingvinger,"kr 71,30","kr 237,67 /kg"
Kylling og kjøtt,Økologiske Kyllingklubber,"kr 99,90","kr 210,32 /kg"
Kylling og kjøtt,Økologisk Kyllinglår,"kr 125,60","kr 279,11 /kg"
Kylling og kjøtt,Økologisk lårfilet av kylling,"kr 155,20","kr 397,95 /kg"
Kylling og kjøtt,Økologisk Kyllingbryst,"kr 157,10","kr 349,11 /kg"
Kylling og kjøtt,Økologisk Hel kylling,"kr 349,90","kr 145,79 /kg"
Kylling og kjøtt,Strøm Larsen Svin Indrefilet,"kr 139,00","kr 231,67 /kg"
Kylling og kjøtt,BBQ Marinert Grillfilet Tynnskåret,"kr 69,90","kr 174,75 /kg"
Kylling og kjøtt,Hel Svinenakke,"kr 319,00","kr 145,00 /kg"
Kylling og kjøtt,Tynnskåret Nakkefilet,"kr 79,90","kr 199,75 /kg"
Kylling og kjøtt,Fersk Rå Porchetta,"kr 234,60","kr 234,60 /kg"
Kylling og kjøtt,Fryst Økologisk Svinenakke uten Ben,"kr 164,80","kr 329,60 /kg"
Kylling og kjøtt,Strøm-Larsen Entrecote av Angus,"kr 209,00","kr 522,50 /kg"
Kylling og kjøtt,Strøm-Larsen Butchers Cut,"kr 126,90","kr 211,50 /kg"
Kylling og kjøtt,Trøffelmarinert Entrecote,"kr 116,00","kr 464,00 /kg"
Kylling og kjøtt,Okse T-benstek,"kr 199,00","kr 523,68 /kg"
Kylling og kjøtt,Indrefilet av Kalv Med Parmaskinke og Parmesan,"kr 594,80","kr 594,80 /kg"
Kylling og kjøtt,Strøm-Larsen Indrefilet av Angus,"kr 145,40","kr 727,00 /kg"
Kylling og kjøtt,Karbonadedeig Av Elg,"kr 179,00","kr 447,50 /kg"
Kylling og kjøtt,Reinsdyrskav,"kr 99,00","kr 330,00 /kg"
Kylling og kjøtt,Hverdagslam Kjøttdeig uten Salt og Vann,"kr 63,30","kr 158,25 /kg"
Kylling og kjøtt,Lammestek i skiver,"kr 229,00","kr 229,00 /kg"
Kylling og kjøtt,Strøm Larsen Lammedeig,"kr 61,90","kr 154,75 /kg"
Kylling og kjøtt,Lammebog Uten Ben i Terninger,"kr 149,00","kr 248,33 /kg"
Kylling og kjøtt,Stjernebacon Tørrsaltet,"kr 38,10","kr 362,86 /kg"
Kylling og kjøtt,Kalkunbacon Skivet,"kr 42,50","kr 303,57 /kg"
Kylling og kjøtt,Skogsbacon,"kr 33,70","kr 240,71 /kg"
Kylling og kjøtt,Strynbacon,"kr 42,90","kr 286,00 /kg"
Kylling og kjøtt,Bacon,"kr 39,10","kr 325,83 /kg"
Kylling og kjøtt,Ferdigstekt Bacon i Skiver,"kr 42,30","kr 846,00 /kg"
Kylling og kjøtt,Karbonadedeig av storfe,"kr 89,90","kr 224,75 /kg"
Kylling og kjøtt,Strøm-Larsen Karbonadedeig av Storfe,"kr 94,90","kr 237,25 /kg"
Kylling og kjøtt,Karbonadedeig Økologisk,"kr 106,30","kr 265,75 /kg"
Kylling og kjøtt,Grilstad Karbonadedeig av Storfe,"kr 81,30","kr 203,25 /kg"
Kylling og kjøtt,Kjøttdeig,"kr 72,90","kr 182,25 /kg"
Kylling og kjøtt,Grilstad Kjøttdeig av Storfe,"kr 67,90","kr 169,75 /kg"
Kylling og kjøtt,"Døgnvill Burger, 2-pak","kr 76,90","kr 256,33 /kg"
Kylling og kjøtt,Beyond Burger,"kr 52,90","kr 233,04 /kg"
Kylling og kjøtt,Frosne Hamburgere,"kr 109,00","kr 109,00 /kg"
Kylling og kjøtt,Hamburger original,"kr 109,50","kr 182,50 /kg"
Kylling og kjøtt,Original Burger,"kr 72,40","kr 181,00 /kg"
Kylling og kjøtt,Fersk Brisketburger,"kr 74,90","kr 234,06 /kg"
Kylling og kjøtt,Elgkarbonader,"kr 67,00","kr 248,15 /kg"
Kylling og kjøtt,Grove karbonader,"kr 87,90","kr 195,33 /kg"
Kylling og kjøtt,Lunsjkaker,"kr 46,60","kr 172,59 /kg"
Kylling og kjøtt,Biffkarbonader,"kr 119,80","kr 266,22 /kg"
Kylling og kjøtt,Kjøttkaker,"kr 99,30","kr 124,13 /kg"
Kylling og kjøtt,Karbonader,"kr 91,30","kr 126,81 /kg"
Kylling og kjøtt,Go' & Magrere Grillpølse,"kr 59,90","kr 99,83 /kg"
Kylling og kjøtt,Kalkunkorv,"kr 57,90","kr 128,67 /kg"
Kylling og kjøtt,Falukorv,"kr 51,30","kr 128,25 /kg"
Kylling og kjøtt,Skinnfri kjøttpølse,"kr 49,50","kr 110,00 /kg"
Kylling og kjøtt,Grillpølser,"kr 62,90","kr 104,83 /kg"
Kylling og kjøtt,Wienerpølse,"kr 76,90","kr 147,88 /kg"
Fisk og sjømat,Laksefilet med skinn,"kr 149,00","kr 372,50 /kg"
Fisk og sjømat,Laksefilet med Skinn,"kr 78,90","kr 394,50 /kg"
Fisk og sjømat,Ørretfilet med Skinn,"kr 169,00","kr 422,50 /kg"
Fisk og sjømat,Ørretfilet med Skinn,"kr 89,90","kr 449,50 /kg"
Fisk og sjømat,Torskefilet uten Skinn,"kr 68,90","kr 344,50 /kg"
Fisk og sjømat,Torskefilet Lettsaltet,"kr 99,00","kr 247,50 /kg"
Fisk og sjømat,Håndpillede reker i lake,"kr 138,90","kr 578,75 /kg"
Fisk og sjømat,Frosne Fylte Krabbeskjell,"kr 59,90","kr 399,33 /kg"
Fisk og sjømat,Ekstra Store Rå Scampi,"kr 229,00","kr 286,25 /kg"
Fisk og sjømat,Røde Argentinske Kongereker,"kr 139,00","kr 308,89 /kg"
Fisk og sjømat,Dumplings Haukau Reker / Scampi,"kr 109,00","kr 218,00 /kg"
Fisk og sjømat,Shaomai Dumplings Reker / Scampi,"kr 119,00","kr 238,00 /kg"
Fisk og sjømat,Varmrøkt Pepperlaks,"kr 132,50","kr 530,00 /kg"
Fisk og sjømat,Sweet-Chili Laks i Bit,"kr 126,20","kr 450,71 /kg"
Fisk og sjømat,Røkt Laks i Skiver,"kr 149,00","kr 596,00 /kg"
Fisk og sjømat,Røkt Laks i Skiver,"kr 71,90","kr 599,17 /kg"
Fisk og sjømat,Gravet Laks i Skiver,"kr 49,10","kr 491,00 /kg"
Fisk og sjømat,Røkt Ørret Skivet,"kr 191,30","kr 546,57 /kg"
Fisk og sjømat,Hjemmelagde fiskekaker,"kr 56,84",N/A
Fisk og sjømat,Hjertefiskekaker,"kr 59,08",N/A
Fisk og sjømat,Matpakkekaker,"kr 22,90","kr 229,00 /kg"
Fisk og sjømat,Fiskekaker 50% Engerviks,"kr 26,40","kr 52,80 /kg"
Fisk og sjømat,Finmalte Hysekaker,"kr 61,60","kr 246,40 /kg"
Fisk og sjømat,Fiskepudding Snabb,"kr 19,00","kr 47,50 /kg"
Fisk og sjømat,Burger av Torsk & Sei,"kr 70,14",N/A
Fisk og sjømat,Burger av Torsk & Hyse,"kr 77,00",N/A
Fisk og sjømat,Helsprø Fiskeburger,"kr 48,30",N/A
Fisk og sjømat,Burger av Hyse & Torsk,"kr 65,40","kr 148,64 /kg"
Fisk og sjømat,Burger m/Steinbit & Gressløk,"kr 62,90","kr 142,95 /kg"
Fisk og sjømat,Grove Lakseburgere,"kr 61,90","kr 247,60 /kg"
Fisk og sjømat,Reker I Lake,"kr 66,30","kr 331,50 /kg"
Fisk og sjømat,Krepsehaler,"kr 66,30","kr 331,50 /kg"
Fisk og sjømat,Reker i Lake,"kr 77,50","kr 193,75 /kg"
Fisk og sjømat,Tunfisk i Olivenolje,"kr 26,80","kr 315,29 /kg"
Fisk og sjømat,Tunfisk Thai Chili,"kr 13,90","kr 163,53 /kg"
Fisk og sjømat,Skinnfri Makrell,"kr 21,10","kr 131,88 /kg"
Fisk og sjømat,Tempura Scampi,"kr 89,00","kr 296,67 /kg"
Fisk og sjømat,Torsk Gourmet,"kr 134,90","kr 321,19 /kg"
Fisk og sjømat,Fiskegrateng God Gammeldags,"kr 74,90","kr 138,70 /kg"
Fisk og sjømat,Fiskepinner,"kr 79,90","kr 106,53 /kg"
Fisk og sjømat,Fiskegrateng Klassisk,"kr 35,91",N/A
Fisk og sjømat,Frossen Laksefilet,"kr 142,00","kr 284,00 /kg"
Restauranter,Pizzadeig,"kr 61,50","kr 292,86 /kg"
Restauranter,Pizzasaus,"kr 42,90","kr 286,00 /kg"
Restauranter,Fersk Mozzarella,"kr 34,90","kr 279,20 /kg"
Restauranter,Pizzakit - Margherita 2 stk,"kr 165,50","kr 137,92 /kg"
Restauranter,Pizzamel Tipo 00,"kr 41,80","kr 41,80 /kg"
Restauranter,Glutenfritt Pizzamel,"kr 59,80","kr 119,60 /kg"
Restauranter,"Døgnvill Burger, 2-pak","kr 76,90","kr 256,33 /kg"
Restauranter,Døgnvill Burgerbrød,"kr 39,90","kr 110,83 /kg"
Restauranter,Døgnvill Glutenfritt Hamburgerbrød,"kr 52,90","kr 52,90 /stk"
Restauranter,Døgnvill Aioli,"kr 22,90","kr 229,00 /kg"
Restauranter,Døgnvill Chipotle Mayo,"kr 22,90","kr 229,00 /kg"
Restauranter,Døgnvill Majones,"kr 22,90","kr 229,00 /kg"
Pålegg,Krydderpålegg Av Kyllingfilet,"kr 41,80","kr 464,44 /kg"
Pålegg,Pepperpålegg Av Kyllingfilet,"kr 41,80","kr 464,44 /kg"
Pålegg,Mortadella i Skiver,"kr 49,90","kr 332,67 /kg"
Pålegg,Økologisk Provenceskinke Skivet,"kr 79,90","kr 532,67 /kg"
Pålegg,Torshov Skinke,"kr 55,92",N/A
Pålegg,Røkt Torshovskinke,"kr 55,92",N/A
Pålegg,Chorizo Extra,"kr 38,80","kr 388,00 /kg"
Pålegg,Classic Serrano Skivet,"kr 37,90","kr 689,09 /kg"
Pålegg,Salami Siliana Skivet,"kr 38,00","kr 292,31 /kg"
Pålegg,Spekeskinke fra Tynset,"kr 92,20","kr 368,80 /kg"
Pålegg,Svartpølse,"kr 43,30","kr 433,00 /kg"
Pålegg,Salami,"kr 38,20","kr 382,00 /kg"
Pålegg,Fersk Leverpostei,"kr 31,30","kr 208,67 /kg"
Pålegg,Leverpostei,"kr 14,90","kr 149,00 /kg"
Pålegg,Leverpostei,"kr 23,90","kr 119,50 /kg"
Pålegg,Leverpostei,"kr 27,90","kr 211,36 /kg"
Pålegg,Leverpostei Ovnsbakt,"kr 24,40","kr 131,89 /kg"
Pålegg,Kyllingpostei,"kr 16,70","kr 167,00 /kg"
Pålegg,Hummer- og rekesalat,"kr 41,30","kr 229,44 /kg"
Pålegg,Egg og Rekesalat,"kr 44,90","kr 224,50 /kg"
Pålegg,Rekesalat,"kr 42,90","kr 214,50 /kg"
Pålegg,Crabsticksalat,"kr 28,10","kr 156,11 /kg"
Pålegg,Mills Italiensk Salat,"kr 29,90","kr 93,44 /kg"
Pålegg,Mills Rekesalat,"kr 46,10","kr 144,06 /kg"
Pålegg,Stabbur-Makrell,"kr 36,30","kr 196,22 /kg"
Pålegg,Stabbur-Makrell,"kr 20,30","kr 253,75 /kg"
Pålegg,Stabbur-Makrell,"kr 19,90","kr 180,91 /kg"
Pålegg,Stabbur-Makrell,"kr 23,70","kr 215,45 /kg"
Pålegg,Stabbur-Makrell,"kr 19,90","kr 180,91 /kg"
Pålegg,Stabbur-Makrell,"kr 28,40","kr 258,18 /kg"
Pålegg,Blåbærsyltetøy 80%,"kr 38,10","kr 115,45 /kg"
Pålegg,Jordbærsyltetøy 80%,"kr 31,30","kr 94,85 /kg"
Pålegg,Eple & Pæresyltetøy 80%,"kr 34,10","kr 106,56 /kg"
Pålegg,Bringebærsyltetøy 80%,"kr 38,30","kr 116,06 /kg"
Pålegg,Moste Jordbær Hjemmelaget,"kr 52,80","kr 135,38 /kg"
Pålegg,Jordbærsyltetøy Lett,"kr 55,10","kr 137,75 /kg"
Pålegg,Kuvert Kaviar,"kr 649,00","kr 4,33 /stk"
Pålegg,Kaviar,"kr 30,10","kr 122,86 /kg"
Pålegg,Majones,"kr 29,40","kr 172,94 /kg"
Pålegg,Majones,"kr 28,90","kr 134,42 /kg"
Pålegg,Polarkaviar,"kr 28,10","kr 156,11 /kg"
Pålegg,Kaviartube,"kr 17,90","kr 96,76 /kg"
Pålegg,Gudbrandsdalsost,"kr 102,90","kr 102,90 /kg"
Pålegg,Fløtemysost Lettere,"kr 17,40","kr 133,85 /kg"
Pålegg,Prim Lett,"kr 30,10","kr 100,33 /kg"
Pålegg,Norvegia Original,"kr 69,50","kr 139,00 /kg"
Pålegg,Gudbrandsdalsost G35,"kr 52,40","kr 104,80 /kg"
Pålegg,Fløtemysost skivet,"kr 24,80","kr 190,77 /kg"
Pålegg,Flytende Akasiehonning,"kr 70,80","kr 202,29 /kg"
Pålegg,Agavesirup Økologisk,"kr 75,90","kr 303,60 /kg"
Pålegg,Bringebærhonning Myk,"kr 98,90","kr 282,57 /kg"
Pålegg,Ekte Honning,"kr 82,90","kr 236,86 /kg"
Pålegg,Lønnesirup,"kr 112,90","kr 597,35 /l"
Pålegg,Lønnesirup Lys,"kr 86,60","kr 346,40 /l"
Pålegg,Peanøttsmør,"kr 61,10","kr 174,57 /kg"
Pålegg,Peanøttsmør Crunchy,"kr 59,90","kr 176,18 /kg"
Pålegg,Peanøttsmør Creamy,"kr 71,60","kr 210,59 /kg"
Pålegg,Mandelsmør,"kr 149,90","kr 881,76 /kg"
Pålegg,Peanøttsmør økologisk,"kr 62,00","kr 177,14 /kg"
Pålegg,Peanutbutter,"kr 36,30","kr 103,71 /kg"
Pålegg,Tartex Postei Naturell,"kr 105,00","kr 525,00 /kg"
Pålegg,Plantebasert Ost Original,"kr 67,90","kr 169,75 /kg"
Pålegg,Grønnsakspostei,"kr 33,80","kr 193,14 /kg"
Pålegg,Vegetarpålegg Jalapeno,"kr 36,90","kr 461,25 /kg"
Pålegg,Vegetarpålegg Pepper,"kr 36,90","kr 461,25 /kg"
Pålegg,Vegetarpålegg Naturell og Mild,"kr 36,90","kr 461,25 /kg"
Middager og tilbehør,Spaghetti Carbonara,"kr 81,70","kr 212,21 /kg"
Middager og tilbehør,Meksikansk Gryte,"kr 89,90","kr 224,75 /kg"
Middager og tilbehør,Bali Kyllinggryte,"kr 100,90","kr 252,25 /kg"
Middager og tilbehør,Mac'n'Cheese,"kr 66,40","kr 172,47 /kg"
Middager og tilbehør,Kyllingbryst,"kr 89,90","kr 183,47 /kg"
Middager og tilbehør,Fiskesuppe,"kr 51,10","kr 146,00 /kg"
Middager og tilbehør,Tandoori Kyllinggryte,"kr 48,90","kr 611,25 /kg"
Middager og tilbehør,Bergensk Fiskesuppe,"kr 23,10","kr 285,19 /kg"
Middager og tilbehør,Bali Kyllinggryte,"kr 38,10","kr 418,68 /kg"
Middager og tilbehør,Betasuppe,"kr 32,30","kr 288,39 /kg"
Middager og tilbehør,Blomkål & Brokkolisuppe,"kr 40,20","kr 628,13 /kg"
Middager og tilbehør,Tomat Pølsegryte,"kr 48,80","kr 451,85 /kg"
Middager og tilbehør,Middelhavs Bønne- & Olivensalat,"kr 41,10","kr 137,00 /kg"
Middager og tilbehør,Meksikansk Linse- & Bønnesalat,"kr 48,50","kr 161,67 /kg"
Middager og tilbehør,Gratinerte Poteter Med Ost,"kr 35,40","kr 313,27 /kg"
Middager og tilbehør,Potetmos Vanlig,"kr 17,30","kr 192,22 /kg"
Middager og tilbehør,Potetmos Med Gressløk,"kr 14,90","kr 165,56 /kg"
Middager og tilbehør,Potetmos Klassisk,"kr 11,20","kr 124,44 /kg"
Middager og tilbehør,Bearnaisesaus,"kr 36,20","kr 9,05 /stk"
Middager og tilbehør,Fond du Chef,"kr 32,90","kr 293,75 /kg"
Middager og tilbehør,Bearnaise Kjølt,"kr 31,90","kr 106,33 /kg"
Middager og tilbehør,Lett Bearnaisesaus,"kr 13,90","kr 661,90 /kg"
Middager og tilbehør,Pesto alle Genovese,"kr 29,30","kr 154,21 /kg"
Middager og tilbehør,Fond du Chef,"kr 32,90","kr 293,75 /kg"
Middager og tilbehør,Jasminris,"kr 81,50","kr 20,38 /kg"
Middager og tilbehør,Røde Linser,"kr 13,60","kr 35,79 /kg"
Middager og tilbehør,Jasminris Boil in Bag,"kr 38,30","kr 39,90 /kg"
Middager og tilbehør,Jasminris,"kr 36,40","kr 36,40 /kg"
Middager og tilbehør,Basmatiris Løs,"kr 28,80","kr 57,60 /kg"
Middager og tilbehør,Grønne Linser,"kr 14,60","kr 38,42 /kg"
Middager og tilbehør,Pasta Fusilli,"kr 34,30","kr 68,60 /kg"
Middager og tilbehør,Spaghetti Vermicelli n.13,"kr 21,50","kr 43,00 /kg"
Middager og tilbehør,Eggnudler,"kr 15,70","kr 62,80 /kg"
Middager og tilbehør,Pasta Tagliatelle,"kr 44,30","kr 88,60 /kg"
Middager og tilbehør,Eggnudler,"kr 24,80","kr 124,00 /kg"
Middager og tilbehør,Spaghetti,"kr 18,90","kr 37,80 /kg"
Middager og tilbehør,Pizzafyll m/Tomat og Løk,"kr 25,30","kr 460,00 /kg"
Middager og tilbehør,Grandiosa hjertepizza,"kr 55,80","kr 115,05 /kg"
Middager og tilbehør,My Pizza Slice Mozzarella & Pesto,"kr 24,10","kr 172,14 /kg"
Middager og tilbehør,My Pizza Slice Skinke & Ost,"kr 26,10","kr 186,43 /kg"
Middager og tilbehør,Pizzafyll Tomat & Urter,"kr 29,90","kr 515,52 /kg"
Middager og tilbehør,Grandiosa Delux Kjøttdeig & Bacon,"kr 80,20","kr 172,47 /kg"
Middager og tilbehør,Chorizo Extra,"kr 38,80","kr 388,00 /kg"
Middager og tilbehør,Tabasco Chipotle Sauce,"kr 69,80","kr 1 163,33 /l"
Middager og tilbehør,Jarritos Guava,"kr 32,80","kr 88,65 /l"
Middager og tilbehør,Taco Spice Mix 3 stk,"kr 24,90","kr 332,00 /kg"
Middager og tilbehør,Tortillas Hvete Large,"kr 42,50","kr 91,01 /kg"
Middager og tilbehør,Tortillachips,"kr 37,70","kr 203,78 /kg"
Middager og tilbehør,Red Curry Paste,"kr 27,80","kr 252,73 /kg"
Middager og tilbehør,Butterchicken med Kryddermiks,"kr 37,30","kr 103,61 /kg"
Middager og tilbehør,Kikkoman Soyasaus,"kr 99,00","kr 99,00 /l"
Middager og tilbehør,Dumplings Gyoza Reker / Scampi,"kr 99,00","kr 198,00 /kg"
Middager og tilbehør,Kokosmelk,"kr 21,90","kr 54,75 /l"
Middager og tilbehør,Tikka Masala med Kryddermiks,"kr 37,30","kr 103,61 /kg"
Middager og tilbehør,Tomatketchup,"kr 64,90","kr 64,90 /kg"
Middager og tilbehør,Døgnvill Aioli,"kr 22,90","kr 229,00 /kg"
Middager og tilbehør,Fransk Dressing,"kr 47,60","kr 179,62 /kg"
Middager og tilbehør,Døgnvill Chipotle Mayo,"kr 22,90","kr 229,00 /kg"
Middager og tilbehør,Tomatketchup Økologisk,"kr 43,40","kr 81,89 /kg"
Middager og tilbehør,Døgnvill Ketchup,"kr 45,90","kr 183,60 /l"
Middager og tilbehør,Stekeolje,"kr 86,90","kr 173,80 /l"
Middager og tilbehør,Dressingmix Fransk,"kr 17,60","kr 5,87 /stk"
Middager og tilbehør,Rapsolje,"kr 41,90","kr 41,90 /l"
Middager og tilbehør,Solsikkeolje,"kr 35,30","kr 35,30 /l"
Middager og tilbehør,Olivenolje Extra Virgin,"kr 96,90","kr 193,80 /l"
Middager og tilbehør,Eddik,"kr 21,00","kr 35,00 /l"
Middager og tilbehør,Fungi Soppekstrakt,"kr 258,90","kr 2 589,00 /l"
Middager og tilbehør,Okse-Demi Glace,"kr 159,00","kr 159,00 /l"
Middager og tilbehør,Hønsebuljong,"kr 124,20","kr 124,20 /l"
Middager og tilbehør,Kyllingfond,"kr 72,10","kr 400,56 /l"
Middager og tilbehør,Kalvefond,"kr 70,90","kr 393,89 /l"
Middager og tilbehør,Oksefond med Rødvin,"kr 84,90","kr 471,67 /l"
Drikke,Ringnes Pilsner,"kr 173,40","kr 57,80 /l"
Drikke,Frydenlund Fatøl,"kr 216,60","kr 72,20 /l"
Drikke,BARE Øl,"kr 155,40","kr 51,80 /l"
Drikke,Corona Extra,"kr 189,10","kr 88,78 /l"
Drikke,Peroni Nastro Azzurro,"kr 234,60","kr 118,48 /l"
Drikke,Schous Pilsner,"kr 284,90","kr 86,33 /l"
Drikke,Nøisom Lys Juleøl,"kr 49,90","kr 113,41 /l"
Drikke,Grevens Cider Pære Uten Tilsatt Sukker,"kr 243,60","kr 81,20 /l"
Drikke,Grevens Cider Skogsbær Uten Sukker,"kr 231,60","kr 77,20 /l"
Drikke,Somersby Apple Lite,"kr 214,80","kr 71,60 /l"
Drikke,Grevens Cider Fruktsmak Uten Sukker,"kr 243,60","kr 81,20 /l"
Drikke,Somersby Pære,"kr 246,60","kr 82,20 /l"
Drikke,Somersby Mango Lime Lite,"kr 246,20","kr 82,07 /l"
Drikke,Hard Seltzer,"kr 203,80","kr 67,93 /l"
Drikke,Hard seltzer,"kr 219,90","kr 73,30 /l"
Drikke,Hansa Hard Seltzer,"kr 38,70","kr 117,27 /l"
Drikke,Hansa Hard Seltzer,"kr 37,40","kr 113,33 /l"
Drikke,Smirnoff Ice,"kr 139,60","kr 139,60 /l"
Drikke,Bacardi Breezer Orange,"kr 164,80","kr 149,82 /l"
Drikke,ALT. Sparkling Blanc de Blancs,"kr 129,90","kr 173,20 /l"
Drikke,Munkholm Radler Mango & Passion,"kr 101,40","kr 51,21 /l"
Drikke,Munkholm Fatøl,"kr 102,60","kr 51,82 /l"
Drikke,Ambijus Clearly Confused,"kr 149,90","kr 199,87 /l"
Drikke,Munkholm Radler Sitron,"kr 101,40","kr 51,21 /l"
Drikke,Strauch Blanc Pur Riesling,"kr 219,90","kr 293,20 /l"
Drikke,Farris Naturell,"kr 23,40","kr 15,60 /l"
Drikke,Farris Bris Naturell,"kr 23,40","kr 15,60 /l"
Drikke,Farris Bris Sitron & Sitrongress,"kr 25,30","kr 16,87 /l"
Drikke,Snåsavann,"kr 39,90","kr 7,98 /l"
Drikke,Isbiter,"kr 33,80","kr 16,90 /kg"
Drikke,Farris Lime,"kr 25,30","kr 16,87 /l"
Drikke,Pepsi Max,"kr 99,90","kr 30,27 /l"
Drikke,Solo Super,"kr 99,90","kr 30,27 /l"
Drikke,Fanta Orange Zero Sugar,"kr 52,40","kr 39,70 /l"
Drikke,Coca-Cola Zero Sugar,"kr 49,90","kr 37,80 /l"
Drikke,Cola X uten sukker,"kr 59,00","kr 9,83 /l"
Drikke,Solo Super brett,"kr 179,90","kr 27,26 /l"
Drikke,Red Bull Energidrikk Sukkerfri,"kr 429,90","kr 71,65 /l"
Drikke,Battery Fresh,"kr 27,90","kr 55,80 /l"
Drikke,Monster Ultra White,"kr 27,10","kr 54,20 /l"
Drikke,Monster Mango Loco,"kr 114,90","kr 38,30 /l"
Drikke,Monster Energy,"kr 114,90","kr 38,30 /l"
Drikke,Red Bull Energidrikk,"kr 429,90","kr 71,65 /l"
Drikke,Presset Eple & Bringebærjuice,"kr 40,30","kr 40,30 /l"
Drikke,Premium Mango og Eplejuice,"kr 33,30","kr 33,30 /l"
Drikke,Original Appelsinjuice,"kr 51,30","kr 29,31 /l"
Drikke,Original Eplejuice,"kr 45,50","kr 26,00 /l"
Drikke,Original Tropisk Juice,"kr 54,10","kr 30,91 /l"
Drikke,Orginal Eplejuice,"kr 26,20","kr 26,20 /l"
Drikke,"Smoothie Jordbær, Banan & Guava","kr 98,90","kr 109,89 /l"
Drikke,Smoothie mango & appelsin,"kr 98,90","kr 109,89 /l"
Drikke,"Smoothie Ananas, Banan & Kokos","kr 35,90","kr 143,60 /l"
Drikke,Smoothie Blåbær & Bringebær,"kr 35,90","kr 143,60 /l"
Drikke,Smoothie mango & appelsin,"kr 35,90","kr 143,60 /l"
Drikke,Kaldpresset Jordbærsmoothie,"kr 39,90","kr 159,60 /l"
Drikke,Snapple Mango,"kr 36,60","kr 77,38 /l"
Drikke,Snapple Kiwi Strawberry,"kr 36,60","kr 77,38 /l"
Drikke,Capri Sonne Appelsin,"kr 89,90","kr 44,95 /l"
Drikke,Husholdningssaft,"kr 66,10","kr 44,07 /l"
Drikke,Fun Light Bringebær,"kr 34,30","kr 42,88 /l"
Drikke,Bringebærsirup,"kr 58,10","kr 77,47 /l"
Drikke,Nescafé Cafe Vanilla,"kr 43,60","kr 294,59 /kg"
Drikke,Instantkaffe,"kr 96,30","kr 481,50 /kg"
Drikke,Frokostkaffe,"kr 117,10","kr 234,20 /kg"
Drikke,Ice Coffee,"kr 39,60","kr 353,57 /kg"
Drikke,Frokostkaffe,"kr 54,90","kr 219,60 /kg"
Drikke,Friele Instant Gull Refil,"kr 61,30","kr 613,00 /kg"
Drikke,IsKaffe Caffe Mocha,"kr 21,30","kr 64,55 /l"
Drikke,IsKaffe Latte,"kr 21,30","kr 64,55 /l"
Drikke,Lipton Iste Sitron,"kr 25,90","kr 51,80 /l"
Drikke,IsKaffe Cappuccino,"kr 20,30","kr 61,52 /l"
Drikke,Lipton Iste Fersken,"kr 25,90","kr 51,80 /l"
Drikke,IsKaffe Caffe Gosto Brasileiro,"kr 21,10","kr 63,94 /l"
Drikke,Lipton Forest Fruit Tea Pyramide,"kr 28,10","kr 1,41 /stk"
Drikke,Earl Grey,"kr 70,10","kr 1,40 /stk"
Drikke,Grønn Te Sitron,"kr 110,90","kr 2,22 /stk"
Drikke,Spicy Indian Chai,"kr 68,80","kr 3,44 /stk"
Drikke,Earl Grey,"kr 93,10","kr 0,93 /stk"
Drikke,"Eple, Kanel & Rosin-te","kr 60,80","kr 2,43 /stk"
Drikke,Regia Sjokoladedrikk Boks,"kr 69,60","kr 154,67 /kg"
Drikke,Regia Sjokoladedrikk,"kr 50,30","kr 157,19 /kg"
Drikke,O'boy Original,"kr 71,10","kr 64,64 /kg"
Drikke,O'boy Original,"kr 36,90","kr 82,00 /kg"
Drikke,Regia Kakao,"kr 39,60","kr 152,31 /kg"
Drikke,"Sjokoladedrikk, Rett i Koppen","kr 45,40","kr 4,54 /stk"
Drikke,Fever-Tree Ginger Beer Mixer,"kr 42,10","kr 84,20 /l"
Drikke,Fever-Tree Premium Tonic Mixer,"kr 42,10","kr 84,20 /l"
Drikke,Tonic Zero,"kr 40,10","kr 40,10 /l"
Drikke,Schweppes Pink Tonic,"kr 31,80","kr 63,60 /l"
Drikke,Soda Water,"kr 28,40","kr 56,80 /l"
Drikke,Schweppes Tonic,"kr 40,10","kr 40,10 /l"
Drikke,Isbiter,"kr 33,80","kr 16,90 /kg"
Drikke,Partybag Isbiter,"kr 84,90","kr 14,15 /kg"
Drikke,Ice Balls,"kr 62,40","kr 62,40 /stk"
Bakeingredienser,Hvetemel,"kr 29,90","kr 14,95 /kg"
Bakeingredienser,Hvetemel,"kr 14,90","kr 14,90 /kg"
Bakeingredienser,Speltmel Siktet,"kr 46,10","kr 46,10 /kg"
Bakeingredienser,Hvete Sammalt,"kr 18,20","kr 18,20 /kg"
Bakeingredienser,Hvetemel Siktet,"kr 29,30","kr 29,30 /kg"
Bakeingredienser,Speltmel Sammalt,"kr 43,30","kr 43,30 /kg"
Bakeingredienser,Sukker,"kr 32,90","kr 32,90 /kg"
Bakeingredienser,Sukker,"kr 51,10","kr 51,10 /kg"
Bakeingredienser,Brunt sukker,"kr 24,60","kr 49,20 /kg"
Bakeingredienser,Dansukker Iso kandisokeri,"kr 34,60","kr 69,20 /kg"
Bakeingredienser,Melis,"kr 21,90","kr 43,80 /kg"
Bakeingredienser,Minisukkerbiter,"kr 23,20","kr 46,40 /kg"
Bakeingredienser,Surdeig,"kr 14,40","kr 480,00 /kg"
Bakeingredienser,Idun Fersk Gjær original blå,"kr 45,50","kr 45,50 /kg"
Bakeingredienser,Tørrgjær Original,"kr 22,40","kr 4,48 /stk"
Bakeingredienser,Fersk Gjær Original,"kr 5,70","kr 114,00 /kg"
Bakeingredienser,Bakepulver,"kr 27,30","kr 109,20 /kg"
Bakeingredienser,Natron,"kr 26,70","kr 267,00 /kg"
Bakeingredienser,Muffins Mix,"kr 46,10","kr 137,61 /kg"
Bakeingredienser,Sjokoladekake,"kr 69,90","kr 81,85 /kg"
Bakeingredienser,Brownies,"kr 36,90","kr 66,85 /kg"
Bakeingredienser,Lyse Muffins,"kr 49,60","kr 149,85 /kg"
Bakeingredienser,Marengs Pavlova,"kr 43,60","kr 145,82 /kg"
Bakeingredienser,Eplekake Bakemiks,"kr 43,10","kr 112,24 /kg"
Bakeingredienser,Blandet Strøssel,"kr 37,10","kr 309,17 /kg"
Bakeingredienser,Rainbow Mix Strøssel,"kr 36,90","kr 36,90 /stk"
Bakeingredienser,Muffinsformer Design,"kr 49,80","kr 1,00 /stk"
Bakeingredienser,Hvit Sukkerfondant,"kr 53,10","kr 212,40 /kg"
Bakeingredienser,Oreo knust kjeks,"kr 100,60","kr 251,50 /kg"
Bakeingredienser,Daim Strøssel,"kr 31,10","kr 311,00 /kg"
Bakeingredienser,Kokesjokolade 70% Kakao,"kr 32,20","kr 322,00 /kg"
Bakeingredienser,Dronning Sjokolade,"kr 26,30","kr 263,00 /kg"
Bakeingredienser,Kokesjokolade Selskap,"kr 31,90","kr 319,00 /kg"
Bakeingredienser,Lys Kokesjokolade,"kr 26,10","kr 261,00 /kg"
Bakeingredienser,Kokesjokolade Mørk,"kr 20,30","kr 203,00 /kg"
Bakeingredienser,Kokesjokolade Lys,"kr 20,10","kr 201,00 /kg"
Bakeingredienser,Vanilla Bean Extract,"kr 61,10","kr 1 222,00 /l"
Bakeingredienser,Tørsleffs Ekte Vaniljesukker,"kr 33,80","kr 338,00 /kg"
Bakeingredienser,Vaniljesukker,"kr 31,80","kr 227,14 /kg"
Bakeingredienser,Vaniljesukker,"kr 22,90","kr 130,86 /kg"
Bakeingredienser,Bourbon Vaniljepulver,"kr 181,90","kr 18 190,00 /kg"
Bakeingredienser,Hornsalt,"kr 28,10","kr 432,31 /kg"
"Iskrem, kaker og kjeks",Half Baked Iskrem,"kr 91,10","kr 195,91 /l"
"Iskrem, kaker og kjeks",Core Karamel Sutra,"kr 91,10","kr 195,91 /l"
"Iskrem, kaker og kjeks",Royal Appelsin og Sjokolade,"kr 91,40","kr 101,56 /l"
"Iskrem, kaker og kjeks",Iskjeks Vaffel,"kr 26,80","kr 214,40 /kg"
"Iskrem, kaker og kjeks",Gullvafler Vanilje,"kr 46,10","kr 184,40 /kg"
"Iskrem, kaker og kjeks",Lollipop,"kr 65,50","kr 54,58 /l"
"Iskrem, kaker og kjeks",Diplom-Is Klassikere,"kr 106,30","kr 8,86 /stk"
"Iskrem, kaker og kjeks",Snickers-Is,"kr 86,20","kr 319,26 /kg"
"Iskrem, kaker og kjeks",Sandwich Original,"kr 58,70","kr 9,78 /stk"
"Iskrem, kaker og kjeks",Tyrkisk Pepper Ispinne,"kr 108,90","kr 13,61 /stk"
"Iskrem, kaker og kjeks",Kjekkis Appelsin og Jordbær,"kr 33,80","kr 3,38 /stk"
"Iskrem, kaker og kjeks",Krone-Is Pistasj,"kr 45,10","kr 7,52 /stk"
"Iskrem, kaker og kjeks",Riskrem,"kr 39,90","kr 59,11 /kg"
"Iskrem, kaker og kjeks",Piano Vaniljesaus Zero,"kr 26,10","kr 52,20 /l"
"Iskrem, kaker og kjeks",Karamellpudding med Saus,"kr 27,60","kr 92,00 /kg"
"Iskrem, kaker og kjeks",Bringebærgele,"kr 19,90","kr 159,20 /kg"
"Iskrem, kaker og kjeks",Rislunsj med Bringebær & Blåbær,"kr 13,60","kr 90,67 /kg"
"Iskrem, kaker og kjeks",Rislunsj Med Bringebær & Rips,"kr 13,10","kr 87,33 /kg"
"Iskrem, kaker og kjeks",Ostekake med Bringebærfyll,"kr 649,00","kr 649,00 /stk"
"Iskrem, kaker og kjeks",Salt Karamellkake,"kr 649,00","kr 649,00 /stk"
"Iskrem, kaker og kjeks",Oreokake,"kr 649,00","kr 649,00 /stk"
"Iskrem, kaker og kjeks",Nutellakake,"kr 649,00","kr 649,00 /stk"
"Iskrem, kaker og kjeks",Sjokoladekake Rund,"kr 139,00","kr 198,57 /kg"
"Iskrem, kaker og kjeks",Marsipankake Rund,"kr 185,00","kr 228,40 /kg"
"Iskrem, kaker og kjeks",Doughnuts Sjokolademiks,"kr 169,00","kr 375,56 /kg"
"Iskrem, kaker og kjeks",Cupcakes Sjokolademiks,"kr 229,00","kr 57,25 /stk"
"Iskrem, kaker og kjeks",Doughnuts Pastellmiks,"kr 169,00","kr 352,08 /kg"
"Iskrem, kaker og kjeks",Donut Bubble Gum,"kr 59,90","kr 9,98 /stk"
"Iskrem, kaker og kjeks",Donut med Fersken,"kr 59,90","kr 9,98 /stk"
"Iskrem, kaker og kjeks",Donut med Mangofyll,"kr 59,90","kr 9,98 /stk"
"Iskrem, kaker og kjeks",Lefser med Kanel,"kr 44,60","kr 129,28 /kg"
"Iskrem, kaker og kjeks",Lefsegodt med Kanel,"kr 21,60","kr 93,91 /kg"
"Iskrem, kaker og kjeks",Lefsegodt med Smørkrem,"kr 20,60","kr 89,57 /kg"
"Iskrem, kaker og kjeks",Lefsegodt med Sjokolade,"kr 25,10","kr 109,13 /kg"
"Iskrem, kaker og kjeks",Vestlandslefsa Kanel og Sukker,"kr 70,00","kr 166,67 /kg"
"Iskrem, kaker og kjeks",Vestlandslefsa med Sukker og Kanel,"kr 35,10","kr 152,61 /kg"
"Iskrem, kaker og kjeks",Sætres Beste Tynne Speltkjeks,"kr 44,80","kr 448,00 /kg"
"Iskrem, kaker og kjeks",Safari Sjokolade,"kr 38,60","kr 257,33 /kg"
"Iskrem, kaker og kjeks",Oreo Remix Vanilje & Bringebær,"kr 35,70","kr 227,39 /kg"
"Iskrem, kaker og kjeks",Sætres Beste Surdeigskjeks,"kr 39,40","kr 394,00 /kg"
"Iskrem, kaker og kjeks",Café Bakeriet Sjokoladeterapi,"kr 56,10","kr 280,50 /kg"
"Iskrem, kaker og kjeks",Oreo Kjeksrull,"kr 31,10","kr 201,95 /kg"
"Sjokolade, snacks og godteri",Smågodt-favoritter mikspose,"kr 95,40","kr 159,00 /kg"
"Sjokolade, snacks og godteri",Sjokolade- og smågodtblanding,"kr 47,70","kr 159,00 /kg"
"Sjokolade, snacks og godteri",Sjokoladefavoritter - smågodt,"kr 24,00","kr 160,00 /kg"
"Sjokolade, snacks og godteri",Søte favoritter - smågodt,"kr 23,90","kr 159,33 /kg"
"Sjokolade, snacks og godteri",Sure favoritter - Smågodt,"kr 23,90","kr 159,33 /kg"
"Sjokolade, snacks og godteri",Salt- og lakrissmågodt,"kr 23,90","kr 159,33 /kg"
"Sjokolade, snacks og godteri",Salt Crunch Potetgull,"kr 33,20","kr 166,00 /kg"
"Sjokolade, snacks og godteri",Popcorn Poppet,"kr 21,30","kr 284,00 /kg"
"Sjokolade, snacks og godteri",Dipmix,"kr 47,10","kr 713,64 /kg"
"Sjokolade, snacks og godteri",French Fries Salt,"kr 33,10","kr 367,78 /kg"
"Sjokolade, snacks og godteri",Cheez Doodles,"kr 41,10","kr 174,89 /kg"
"Sjokolade, snacks og godteri",Poppet Popcorn Cheddar,"kr 30,50","kr 406,67 /kg"
"Sjokolade, snacks og godteri",Kvikk Lunsj 6-pk,"kr 95,80","kr 339,72 /kg"
"Sjokolade, snacks og godteri",Boble Melkesjokolade,"kr 49,80","kr 332,00 /kg"
"Sjokolade, snacks og godteri",Premium 70% Salt Lakris,"kr 48,80","kr 488,00 /kg"
"Sjokolade, snacks og godteri",Daim Mini XXL,"kr 79,90","kr 173,70 /kg"
"Sjokolade, snacks og godteri",Melkesjokolade,"kr 46,90","kr 234,50 /kg"
"Sjokolade, snacks og godteri",Premium 70% Pekan & Havsalt,"kr 41,10","kr 411,00 /kg"
"Sjokolade, snacks og godteri",Laban Seigmenn og Seigdamer,"kr 29,90","kr 115,00 /kg"
"Sjokolade, snacks og godteri",Skipper Lakrisbåter,"kr 48,10","kr 240,50 /kg"
"Sjokolade, snacks og godteri",Godt & Blandet Ekte Frukt Fruktmix,"kr 40,60","kr 290,00 /kg"
"Sjokolade, snacks og godteri",Smørbukk,"kr 47,10","kr 314,00 /kg"
"Sjokolade, snacks og godteri",Tyrkisk Peber,"kr 36,60","kr 305,00 /kg"
"Sjokolade, snacks og godteri",Panda Lakris,"kr 34,40","kr 172,00 /kg"
"Sjokolade, snacks og godteri",Cashewnøtter,"kr 34,60","kr 197,71 /kg"
"Sjokolade, snacks og godteri",Småsulten Nøtter & Frukt,"kr 20,40","kr 340,00 /kg"
"Sjokolade, snacks og godteri",Småsulten Nøttemiks,"kr 23,80","kr 396,67 /kg"
"Sjokolade, snacks og godteri",Cashewnøtter,"kr 76,90","kr 404,74 /kg"
"Sjokolade, snacks og godteri",Småsulten Maisnøtter,"kr 23,70","kr 677,14 /kg"
"Sjokolade, snacks og godteri",Chilinøtter,"kr 27,90","kr 159,43 /kg"
"Sjokolade, snacks og godteri",Extra White Sweet Mint Sukkerfri,"kr 52,10","kr 620,24 /kg"
"Sjokolade, snacks og godteri",Doc Halslinser,"kr 29,10","kr 582,00 /kg"
"Sjokolade, snacks og godteri",Extra Eucalyptus,"kr 68,30","kr 813,10 /kg"
"Sjokolade, snacks og godteri",Doc Halslinser Eucalyptus,"kr 26,60","kr 532,00 /kg"
"Sjokolade, snacks og godteri",Tyggis Frisk Pust Peppermint,"kr 69,30","kr 770,00 /kg"
"Sjokolade, snacks og godteri",Doc Halslinser Honning-Lakris,"kr 29,10","kr 582,00 /kg"
"Sjokolade, snacks og godteri",Daim Mini XXL,"kr 79,90","kr 173,70 /kg"
"Sjokolade, snacks og godteri",Twist Sylinder,"kr 280,00","kr 186,67 /kg"
"Sjokolade, snacks og godteri",Dumle Original Value pack,"kr 89,90","kr 199,78 /kg"
"Sjokolade, snacks og godteri",Tutti Frutti Original Value Pack,"kr 69,90","kr 139,80 /kg"
"Sjokolade, snacks og godteri",Tyrkisk Peber Value Pack,"kr 59,90","kr 199,67 /kg"
"Sjokolade, snacks og godteri",Daim Sylinder,"kr 404,50","kr 161,80 /kg"
Baby og barn,Skumpinner Mais & Hirse,"kr 27,40","kr 685,00 /kg"
Baby og barn,Smoothie med mango og banan,"kr 33,80","kr 338,00 /kg"
Baby og barn,Grøt med blåbær og pære,"kr 31,70","kr 317,00 /kg"
Baby og barn,Måltid med hvite bønner og karri,"kr 32,90","kr 329,00 /kg"
Baby og barn,Grøt med bringebær og kanel,"kr 32,90","kr 329,00 /kg"
Baby og barn,Smoothie med eple og blåbær,"kr 29,80","kr 298,00 /kg"
Baby og barn,NAN Pro 3 Juniormelk Fra 12 mnd,"kr 39,60","kr 79,20 /l"
Baby og barn,Combiotik Drikkeklar 3,"kr 24,60","kr 123,00 /l"
Baby og barn,NAN Pro 1,"kr 169,00","kr 211,25 /kg"
Baby og barn,NAN Pro 2,"kr 170,20","kr 212,75 /kg"
Baby og barn,NAN Pro 3 Juniormelk,"kr 170,20","kr 212,75 /kg"
Baby og barn,NAN Pro 4 Juniormelk,"kr 160,20","kr 200,25 /kg"
Baby og barn,Touch Buksebleier,"kr 76,90","kr 4,27 /stk"
Baby og barn,Libero Touch Hybrid kombopakning,"kr 85,00","kr 6,07 /stk"
Baby og barn,Touch Buksebleier,"kr 76,90","kr 4,81 /stk"
Baby og barn,Libero Touch Hybrid kombopakning,"kr 85,00","kr 6,54 /stk"
Baby og barn,Touch Buksebleier,"kr 79,90","kr 5,71 /stk"
Baby og barn,Comfort Åpen Bleie,"kr 59,90","kr 2,00 /stk"
Baby og barn,Stellekluter tørre,"kr 22,50","kr 0,23 /stk"
Baby og barn,Våtservietter Baby,"kr 13,90","kr 0,19 /stk"
Baby og barn,Våtservietter,"kr 83,00","kr 0,32 /stk"
Baby og barn,Barnetannkrem,"kr 24,90","kr 498,00 /l"
Baby og barn,Lommeletter,"kr 27,40","kr 1,83 /stk"
Baby og barn,Våtservietter Baby,"kr 32,80","kr 0,46 /stk"
Baby og barn,Vitaminbjørner,"kr 75,52",N/A
Baby og barn,Trippel Omega-3 Barn,"kr 113,10","kr 0,79 /stk"
Baby og barn,Omega-3 Fisk,"kr 119,90","kr 2,66 /stk"
Baby og barn,Sana-sol,"kr 94,90","kr 189,80 /l"
Baby og barn,Möller's Tran,"kr 159,00","kr 318,00 /l"
Baby og barn,Möller's Tran,"kr 179,90","kr 359,80 /l"
Baby og barn,Smokk Night,"kr 100,20","kr 50,10 /stk"
Baby og barn,Smokk Air Latex,"kr 126,90","kr 63,45 /stk"
Baby og barn,Flaskesmokk,"kr 105,20","kr 52,60 /stk"
Baby og barn,Tåteflaske,"kr 81,10","kr 300,37 /l"
Baby og barn,Kopp Trainer,"kr 95,10","kr 95,10 /stk"
Baby og barn,Avent Kopp,"kr 110,90","kr 110,90 /stk"
Baby og barn,Tekstilpenn,"kr 39,90","kr 19,95 /stk"
Baby og barn,Matskjeer,"kr 106,70","kr 26,68 /stk"
Baby og barn,Ballonger,"kr 18,00","kr 1,80 /stk"
Baby og barn,Tusjer til barn,"kr 56,30","kr 4,69 /stk"
Baby og barn,Glitter glue limstifter,"kr 45,10","kr 7,52 /stk"
Trening,YT Proteinpudding,"kr 23,30","kr 122,63 /kg"
Trening,YT Proteinbar,"kr 34,80","kr 696,00 /kg"
Trening,Big 100 Salty Caramel,"kr 41,10","kr 411,00 /kg"
Trening,100% Whey Protein,"kr 299,00","kr 299,00 /kg"
Trening,YT Proteinyoghurt,"kr 25,80","kr 129,00 /kg"
Trening,Big Mass Sjokolade,"kr 249,00","kr 249,00 /kg"
Trening,Müslibar Hasselnøtt og Havre,"kr 28,70","kr 207,97 /kg"
Trening,Müslibar Sjokolade og Kokos,"kr 25,30","kr 183,33 /kg"
Trening,Müslibar Sjokolade og Nøtter 23g 6pk,"kr 27,00","kr 195,65 /kg"
Trening,Smooth Caramel,"kr 99,90","kr 438,16 /kg"
Trening,Premium Dark Chocolate,"kr 99,90","kr 423,31 /kg"
Trening,"BE-KIND Nøttebar med Honningristede, Nøtter og Havsalt","kr 24,10","kr 602,50 /kg"
Legemidler og helsekost,Paracet Tablett,"kr 42,90","kr 2,15 /stk"
Legemidler og helsekost,Paracet Brusetablett,"kr 52,90","kr 2,65 /stk"
Legemidler og helsekost,Paracet Stikkpille,"kr 59,90","kr 5,99 /stk"
Legemidler og helsekost,Paracet Stikkpille,"kr 59,90","kr 5,99 /stk"
Legemidler og helsekost,Paracet Mikstur,"kr 59,40","kr 990,00 /l"
Legemidler og helsekost,Ibux tabletter 200mg,"kr 56,40","kr 2,82 /stk"
Legemidler og helsekost,Plaster Textile Elastic,"kr 29,90","kr 39,87 /m"
Legemidler og helsekost,Vannfast Plaster,"kr 49,90","kr 4,16 /stk"
Legemidler og helsekost,Plaster,"kr 25,40","kr 1,27 /stk"
Legemidler og helsekost,Plaster med dyr,"kr 33,10","kr 1,66 /stk"
Legemidler og helsekost,Big Plaster for store sår,"kr 38,70","kr 7,74 /stk"
Legemidler og helsekost,Compeed Gnagsårplaster Medium,"kr 89,90","kr 17,98 /stk"
Legemidler og helsekost,Möller's Trankapsler,"kr 119,00","kr 0,74 /stk"
Legemidler og helsekost,Vitaminbjørner,"kr 75,52",N/A
Legemidler og helsekost,Möller's Tran,"kr 179,90","kr 359,80 /l"
Legemidler og helsekost,Möller's Tran,"kr 159,00","kr 318,00 /l"
Legemidler og helsekost,Möller's Tran,"kr 99,90","kr 399,60 /l"
Legemidler og helsekost,Sana-sol,"kr 94,90","kr 189,80 /l"
Legemidler og helsekost,Smooth Caramel,"kr 99,90","kr 438,16 /kg"
Legemidler og helsekost,Premium Dark Chocolate,"kr 99,90","kr 423,31 /kg"
Legemidler og helsekost,Nicorette Classic,"kr 278,00","kr 2,65 /stk"
Legemidler og helsekost,Nicorette Icemint,"kr 199,00","kr 1,90 /stk"
Legemidler og helsekost,Nicorette Tyggegummi Fruitmint,"kr 199,00","kr 1,90 /stk"
Legemidler og helsekost,Nicorette Icemint,"kr 299,00","kr 2,85 /stk"
Legemidler og helsekost,Nicotinell Tyggegummi Icemint,"kr 189,00","kr 1,97 /stk"
Legemidler og helsekost,Nicotinell Tyggegummi Spearmint,"kr 189,00","kr 1,97 /stk"
Hygiene og skjønnhet,Clean Shower,"kr 49,30","kr 123,25 /l"
Hygiene og skjønnhet,Håndsåpe Refill,"kr 35,90","kr 71,80 /l"
Hygiene og skjønnhet,Bloom Shower gel,"kr 57,60","kr 144,00 /l"
Hygiene og skjønnhet,Håndsåpe,"kr 41,90","kr 139,67 /l"
Hygiene og skjønnhet,Håndsåpe Påfyll,"kr 44,80","kr 89,60 /l"
Hygiene og skjønnhet,Håndsåpe,"kr 159,00","kr 636,00 /l"
Hygiene og skjønnhet,Dry Shampoo,"kr 65,60","kr 328,00 /l"
Hygiene og skjønnhet,Pure Blonde Shampoo,"kr 57,40","kr 229,60 /l"
Hygiene og skjønnhet,Magic Retouch Mørk Brun,"kr 116,10","kr 1 548,00 /l"
Hygiene og skjønnhet,Moulding Clay Men,"kr 78,10","kr 976,25 /l"
Hygiene og skjønnhet,Nutrisse Sort 1,"kr 100,00","kr 100,00 /stk"
Hygiene og skjønnhet,Pure Blonde Conditioner,"kr 57,40","kr 287,00 /l"
Hygiene og skjønnhet,Renseservietter,"kr 21,90","kr 0,88 /stk"
Hygiene og skjønnhet,Kløver Vaseline,"kr 40,10","kr 1 002,50 /kg"
Hygiene og skjønnhet,Face Cream,"kr 168,90","kr 3 378,00 /l"
Hygiene og skjønnhet,RENHUD,"kr 80,80","kr 1 616,00 /l"
Hygiene og skjønnhet,Ansiktsservietter,"kr 39,30","kr 1,57 /stk"
Hygiene og skjønnhet,RENHUD,"kr 41,80","kr 209,00 /l"
Hygiene og skjønnhet,Tannbørste Zig-Zag,"kr 24,90","kr 24,90 /stk"
Hygiene og skjønnhet,Hvite Tenner,"kr 36,10","kr 481,33 /l"
Hygiene og skjønnhet,Frisk Pust,"kr 35,30","kr 470,67 /l"
Hygiene og skjønnhet,Zendium Tannkrem Fresh+ White,"kr 28,40","kr 378,67 /l"
Hygiene og skjønnhet,Tannbørste Individual Precision,"kr 32,20","kr 32,20 /stk"
Hygiene og skjønnhet,Barnetannkrem,"kr 24,90","kr 498,00 /l"
Hygiene og skjønnhet,Roll-on Deo Mann,"kr 30,10","kr 602,00 /l"
Hygiene og skjønnhet,Kondom True Feeling,"kr 91,10","kr 11,39 /stk"
Hygiene og skjønnhet,Barberhøvel Labs Silver 1UP,"kr 227,20","kr 227,20 /stk"
Hygiene og skjønnhet,Coconut Care Deo 50ml,"kr 25,40","kr 508,00 /l"
Hygiene og skjønnhet,Kondomer,"kr 51,10","kr 5,11 /stk"
Hygiene og skjønnhet,Barberblader Labs,"kr 226,00","kr 56,50 /stk"
Hygiene og skjønnhet,Truseinnlegg Normal,"kr 49,10","kr 0,82 /stk"
Hygiene og skjønnhet,Bind Ultra Normal+,"kr 39,10","kr 1,50 /stk"
Hygiene og skjønnhet,Ultra Day & Night 3 with wings,"kr 39,10","kr 2,17 /stk"
Hygiene og skjønnhet,Truseinnlegg Normal Big Pack,"kr 47,90","kr 0,83 /stk"
Hygiene og skjønnhet,Truseinnlegg So Slim,"kr 25,90","kr 0,86 /stk"
Hygiene og skjønnhet,Truseinnlegg Extra Long,"kr 38,40","kr 1,92 /stk"
Hygiene og skjønnhet,Effektiv Neglelakkfjerner,"kr 47,60","kr 380,80 /l"
Hygiene og skjønnhet,Micellar Cleansing Water,"kr 61,10","kr 152,75 /l"
Hygiene og skjønnhet,Eye & Lip Express,"kr 51,10","kr 408,80 /l"
Hygiene og skjønnhet,Bomullspinner Baby,"kr 16,00","kr 0,22 /stk"
Hygiene og skjønnhet,Q-tips,"kr 29,30","kr 0,14 /stk"
Hygiene og skjønnhet,Renseservietter,"kr 21,90","kr 0,88 /stk"
Hygiene og skjønnhet,Ansiktsservietter,"kr 39,30","kr 1,57 /stk"
Hus og hjem,Universalserviett Rengjøring,"kr 21,40","kr 0,45 /stk"
Hus og hjem,Maskinoppvask Original Alt-i-Ett,"kr 124,90","kr 1,78 /vask"
Hus og hjem,Rengjøringsspray,"kr 41,10","kr 82,20 /l"
Hus og hjem,Storvask,"kr 239,00","kr 1,81 /vask"
Hus og hjem,Stålullpads,"kr 27,90","kr 2,79 /stk"
Hus og hjem,Baderomsspray,"kr 64,20","kr 128,40 /l"
Hus og hjem,Maximeter Toalettpapir,"kr 46,50","kr 0,27 /m"
Hus og hjem,Torky Tørkerull,"kr 35,90","kr 0,36 /m"
Hus og hjem,Tørkerull,"kr 54,90","kr 0,27 /m"
Hus og hjem,Toalettpapir Hvit Lambi,"kr 103,20","kr 0,31 /m"
Hus og hjem,Toalettpapir Hvit Lambi,"kr 57,40","kr 0,35 /m"
Hus og hjem,Toalettpapir 3-lags,"kr 120,90","kr 0,26 /m"
Hus og hjem,Aluminiumsfolie,"kr 27,40","kr 1,37 /m"
Hus og hjem,Grillfolie,"kr 36,40","kr 3,64 /m"
Hus og hjem,Glad Aluminiumsfolie,"kr 46,10","kr 4,61 /m"
Hus og hjem,Pizza & Bakeark,"kr 14,60","kr 0,81 /stk"
Hus og hjem,Bakepapir Rull,"kr 39,00","kr 1,95 /m"
Hus og hjem,Sekk til Panteflasker,"kr 19,90","kr 3,98 /stk"
Hus og hjem,Led Cl A 40 Klar E27,"kr 81,60","kr 40,80 /stk"
Hus og hjem,Lyspære Stekeovn,"kr 65,10","kr 65,10 /stk"
Hus og hjem,Led Cl A 40 Matt E27,"kr 58,40","kr 58,40 /stk"
Hus og hjem,Led Superstar Cl A FIL,"kr 83,10","kr 83,10 /stk"
Hus og hjem,Halogenpære 12v 64415 10w,"kr 33,90","kr 16,95 /stk"
Hus og hjem,Halopin Eco,"kr 48,10","kr 48,10 /stk"
Hus og hjem,Batterier AAA/LR03,"kr 49,00","kr 2,45 /stk"
Hus og hjem,Batterier AAA/LR03,"kr 25,00","kr 2,50 /stk"
Hus og hjem,Batterier AA/LR06,"kr 22,70","kr 2,27 /stk"
Hus og hjem,Batterier AAA/LR03,"kr 22,00","kr 2,20 /stk"
Hus og hjem,Batterier AA/LR6,"kr 22,20","kr 2,22 /stk"
Hus og hjem,Batteri 9V/6LR61,"kr 12,00","kr 12,00 /stk"
Hus og hjem,Discovery Kopipapir A4,"kr 79,90","kr 79,90 /pk"
Hus og hjem,Strikk,"kr 20,90","kr 1 045,00 /kg"
Hus og hjem,Viskelær,"kr 17,00","kr 8,50 /stk"
Hus og hjem,Blyanter,"kr 11,90","kr 2,98 /stk"
Hus og hjem,Tusj Sort Penol,"kr 15,80","kr 15,80 /stk"
Hus og hjem,"Post-It Blokk, 4 Assorterte Farger","kr 15,70","kr 0,35 /stk"
Hus og hjem,Telys 8 Timer,"kr 60,10","kr 2,00 /stk"
Hus og hjem,Telys Maxi,"kr 49,90","kr 4,16 /stk"
Hus og hjem,Prima Telys,"kr 55,80","kr 0,56 /stk"
Hus og hjem,Kronelys Hvit,"kr 72,90","kr 9,11 /stk"
Hus og hjem,Kronelys Champagne,"kr 60,50","kr 7,56 /stk"
Hus og hjem,Kubbelys Gull Matt,"kr 50,10","kr 50,10 /stk"
Hus og hjem,Servietter White,"kr 37,20","kr 3,10 /stk"
Hus og hjem,Servietter White,"kr 31,80","kr 1,59 /stk"
Hus og hjem,Servietter Glamour,"kr 31,80","kr 1,59 /stk"
Hus og hjem,Servietter Bordpakning,"kr 29,90","kr 0,40 /stk"
Hus og hjem,Servietter Hvite,"kr 82,80","kr 0,83 /stk"
Hus og hjem,Servietter Bordpakning,"kr 19,90","kr 0,27 /stk"
Hus og hjem,Papptallerken,"kr 38,90","kr 0,78 /stk"
Hus og hjem,Pappkopp assortert,"kr 15,30","kr 1,91 /stk"
Hus og hjem,Skjeer Engangs i Tre,"kr 25,10","kr 1,26 /stk"
Hus og hjem,Papptallerken Dyp,"kr 34,90","kr 1,40 /stk"
Hus og hjem,Drikkebeger,"kr 45,50","kr 0,57 /stk"
Hus og hjem,Grillpinner i Bambus,"kr 13,40","kr 0,13 /stk"
Hus og hjem,Duk Cream,"kr 89,40","kr 89,40 /stk"
Hus og hjem,Duk Leaf Green,"kr 89,40","kr 89,40 /stk"
Hus og hjem,Aroma Bottle,"kr 299,00","kr 299,00 /stk"
Hus og hjem,Aroma Bottle,"kr 299,00","kr 299,00 /stk"
Hus og hjem,Aroma Bottle,"kr 299,00","kr 299,00 /stk"
Hus og hjem,Aroma Pods,"kr 129,00","kr 129,00 /stk"
Hus og hjem,Drikkeflaske Squezze 460ml,"kr 67,40","kr 67,40 /stk"
Hus og hjem,Aroma Bottle,"kr 299,00","kr 299,00 /stk"
Hus og hjem,Grillformer 22x17cm,"kr 14,50","kr 4,83 /stk"
Hus og hjem,Grillredskap 3 deler sort/rustfritt,"kr 149,90","kr 149,90 /stk"
Hus og hjem,Drikkeflaske Squezze 460ml,"kr 67,40","kr 67,40 /stk"
Hus og hjem,Øse / Suppesleiv,"kr 29,90","kr 29,90 /stk"
Hus og hjem,Ostehøvel,"kr 79,90","kr 79,90 /stk"
Hus og hjem,Sistema Drikkeflaske 475ml,"kr 78,30","kr 78,30 /stk"
Hus og hjem,Se og Hør,"kr 72,00","kr 72,00 /stk"
Hus og hjem,Se og Hør Extra,"kr 69,90","kr 69,90 /stk"
Hus og hjem,Hjemmet,"kr 79,90","kr 79,90 /stk"
Hus og hjem,Donald Duck & Co,"kr 79,90","kr 79,90 /stk"
Hus og hjem,Her og Nå,"kr 69,00","kr 69,00 /stk"
Hus og hjem,Kamille,"kr 109,00","kr 109,00 /stk"
Hus og hjem,Strømpebukse Tynn Ull Hold-In,"kr 229,00","kr 229,00 /stk"
Hus og hjem,High Waist Invisible-truse i mikrofiber,"kr 138,90","kr 138,90 /stk"
Hus og hjem,Sokker tynn merino,"kr 107,00","kr 107,00 /par"
Hus og hjem,Strømpebukse Tynn Ull Hold-In,"kr 268,90","kr 268,90 /stk"
Hus og hjem,Wool Tights,"kr 239,00","kr 239,00 /stk"
Hus og hjem,Strømpebukse Ull Hold-In,"kr 268,90","kr 268,90 /stk"
Hus og hjem,Opptenningsbriketter,"kr 60,30","kr 0,60 /stk"
Hus og hjem,Bjørkepinner til Pinnekjøtt,"kr 19,90","kr 1,00 /stk"
Hus og hjem,Lampeolje,"kr 51,10","kr 51,10 /l"
Hus og hjem,Spisepinner,"kr 38,60","kr 4,83 /stk"
Hus og hjem,Grillpinner i Bambus,"kr 13,40","kr 0,13 /stk"
Hus og hjem,Jo-Ni Møbelpuss,"kr 102,40","kr 512,00 /l"
Hus og hjem,Peislighter,"kr 30,90","kr 30,90 /stk"
Hus og hjem,Lighter GS-1,"kr 22,80","kr 22,80 /stk"
Hus og hjem,Fyrstikker XL,"kr 21,10","kr 0,44 /stk"
Hus og hjem,Små Opptenningsfyrstikker,"kr 24,10","kr 1,21 /stk"
Hus og hjem,Fyrstikker,"kr 21,30","kr 2,66 /stk"
Hus og hjem,Cricket Lighter,"kr 33,10","kr 33,10 /stk"
Blomster og planter,Valentinesbukett,"kr 154,90","kr 154,90 /stk"
Blomster og planter,Morsdagsbukett,"kr 159,00","kr 159,00 /stk"
Blomster og planter,Vinterbukett,"kr 159,00","kr 159,00 /stk"
Blomster og planter,Miks Tulipaner,"kr 169,90","kr 11,33 /stk"
Blomster og planter,Inkalilje Rosa,"kr 79,90","kr 9,99 /stk"
Blomster og planter,Rosa Tulipaner,"kr 114,90","kr 11,49 /stk"
Blomster og planter,Gummifiken,"kr 79,90","kr 79,90 /stk"
Blomster og planter,Eføy,"kr 99,90","kr 99,90 /stk"
Blomster og planter,Zamioculcas,"kr 94,90","kr 94,90 /stk"
Blomster og planter,"Philodendron, birkin","kr 149,90","kr 149,90 /stk"
Blomster og planter,Sansevieria Svigermors Tunge,"kr 129,00","kr 129,00 /stk"
Blomster og planter,Monstera,"kr 129,00","kr 129,00 /stk"
Blomster og planter,Gjødsel til inneplanter,"kr 49,90","kr 49,90 /stk"
Blomster og planter,Premium Blomsterjord,"kr 64,90","kr 16,23 /l"
Blomster og planter,Premium Såjord,"kr 59,90","kr 14,98 /l"
Blomster og planter,Leca® - Lecakuler,"kr 69,90","kr 17,48 /l"
Blomster og planter,Biocomposter Kompoststrø,"kr 69,00","kr 138,00 /kg"
Blomster og planter,Potte Hvit,"kr 59,90","kr 59,90 /stk"
Blomster og planter,Potte Sort Amanda,"kr 59,90","kr 59,90 /stk"
Blomster og planter,Potte Blush Pink 'Amanda,"kr 59,90","kr 59,90 /stk"
Dyr,Hundeposer,"kr 13,90","kr 0,35 /stk"
Dyr,Wild Bites med and,"kr 34,10","kr 227,33 /kg"
Dyr,Hundebalsam,"kr 169,00","kr 338,00 /l"
Dyr,Pedigree Markies Hundesnacks med Margben for Voksne Hunder,"kr 43,10","kr 86,20 /kg"
Dyr,Hundesjampo,"kr 169,00","kr 338,00 /l"
Dyr,Hundeposer,"kr 44,00","kr 0,28 /stk"
Dyr,"Okse, Kylling & Lever","kr 150,20","kr 42,91 /kg"
Dyr,Gourmet Gold Laks,"kr 13,10","kr 154,12 /kg"
Dyr,Kattemat for steriliserte katter,"kr 74,10","kr 52,93 /kg"
Dyr,Kattemat Fjærkre,"kr 6,90","kr 69,00 /kg"
Dyr,Gourmet Perle Multipack,"kr 61,10","kr 89,85 /kg"
Dyr,Laks & Grønnsaker,"kr 63,60","kr 63,60 /kg"
Dyr,Solsikkefrø,"kr 35,20","kr 35,20 /kg"
Dyr,Fuglepeanøtter,"kr 16,90","kr 67,60 /kg"
Dyr,Snadder Meiseboller,"kr 24,50","kr 45,37 /kg"
Dyr,Crunchy Undulatstenger,"kr 37,10","kr 18,55 /stk"
Dyr,Festival Kompakt Høy,"kr 73,10","kr 73,10 /kg"
Dyr,Festival Gnagerblanding,"kr 94,70","kr 105,22 /kg"
Dyr,Festival Woody Spon Burstrø,"kr 83,30","kr 83,30 /kg"
Dyr,Crunchy Frøstenger til Gnagere,"kr 47,20","kr 393,33 /kg"
Snus og tobakk,Skruf Super White Fresh S5,"kr 399,50","kr 79,90 /stk"
Snus og tobakk,Rush Frosted Fu Zn S5,"kr 374,50","kr 74,90 /stk"
Snus og tobakk,Skruf No25 Slim White S2,"kr 429,50","kr 85,90 /stk"
Snus og tobakk,Skruf No4 Fresh S4,"kr 429,50","kr 85,90 /stk"
Snus og tobakk,N&J No5 Green Ice Slim White,"kr 444,50","kr 88,90 /stk"
Snus og tobakk,Göteborgs Rapé No1 Slim White,"kr 449,50","kr 89,90 /stk"
Snus og tobakk,Skruf No2 Fresh S2,"kr 429,50","kr 85,90 /stk"
Snus og tobakk,General Classic No3 Portion,"kr 889,00","kr 88,90 /stk"
Snus og tobakk,General Classic No5 White Portion,"kr 889,00","kr 88,90 /stk"
Snus og tobakk,General Classic No4 Extra Strong Portion,"kr 444,50","kr 88,90 /stk"
Snus og tobakk,The Lab 06 Extra Strong,"kr 439,50","kr 87,90 /stk"
Snus og tobakk,G.3 No1 Extra Strong,"kr 449,50","kr 89,90 /stk"
Snus og tobakk,General Classic No1,"kr 979,00","kr 97,90 /stk"
Snus og tobakk,General Classic No2 Extra Strong,"kr 499,50","kr 99,90 /stk"
Snus og tobakk,Ettan No1 Løs,"kr 499,50","kr 99,90 /stk"
Snus og tobakk,Onico Original WP Nikotinfri,"kr 324,50","kr 64,90 /stk"
Snus og tobakk,Onico Peppermint White,"kr 324,50","kr 64,90 /stk"
Snus og tobakk,Prince White,"kr 177,00","kr 8,85 /stk"
Snus og tobakk,Prince White 100’s,"kr 182,90","kr 9,15 /stk"
Snus og tobakk,Prince Red,"kr 176,90","kr 8,85 /stk"
Snus og tobakk,Prince Red 100’s,"kr 176,90","kr 8,85 /stk"
Snus og tobakk,Prince Fine Green Plus,"kr 171,90","kr 8,60 /stk"
Snus og tobakk,Prince Golden Double Filter,"kr 166,90","kr 8,35 /stk"
Snus og tobakk,Petterøe`s Blanding 2,"kr 354,00","kr 8 045,45 /kg"
Snus og tobakk,Tiedemanns Rød Mix 2,"kr 369,00","kr 8 386,36 /kg"
Snus og tobakk,Rizla Enkle Sigarettpapir,"kr 16,20","kr 0,32 /stk"
Snus og tobakk,Rizla Doble Sigarettpapir,"kr 36,90","kr 0,37 /stk"
Snus og tobakk,Rizla Blå Enkle Sigarettpapir,"kr 19,90","kr 0,40 /stk"
Snus og tobakk,Big Ben Blad,"kr 23,80","kr 0,48 /stk"
Snus og tobakk,Oliver Twist Original Skråtobakk,"kr 89,40","kr 12 771,43 /kg"
Snus og tobakk,Oliver Twist Tropical Skråtobakk,"kr 89,40","kr 12 771,43 /kg"
Snus og tobakk,Bellman Gold,"kr 159,90","kr 15,99 /stk"
Snus og tobakk,Signature Blue,"kr 159,90","kr 15,99 /stk"
